[{"model": "auth.user", "pk": 1, "fields": {"password": "pbkdf2_sha256$180000$dYnTTgSCU7JC$oCN0iWGp50/NjZko1LTqtBagmGBahOIi5X19Aaa+IeA=", "last_login": "2021-08-05T20:56:47.645Z", "is_superuser": true, "username": "Sorochinsky", "first_name": "\u0410\u043d\u0434\u0440\u0435\u0439", "last_name": "\u0421\u043e\u0440\u043e\u0447\u0438\u043d\u0441\u043a\u0438\u0439", "email": "", "is_staff": true, "is_active": true, "date_joined": "2020-05-25T11:55:57Z", "groups": [], "user_permissions": []}}, {"model": "auth.user", "pk": 3, "fields": {"password": "pbkdf2_sha256$180000$S0BOAwk6lbZu$6kddo/JyRudMTDn4RZJPmc2dNb4H2a50ndUtNvVhZgM=", "last_login": "2020-05-26T07:27:20Z", "is_superuser": false, "username": "Pahomov", "first_name": "\u0410\u043b\u0435\u043a\u0441\u0430\u043d\u0434\u0440", "last_name": "\u041f\u0430\u0445\u043e\u043c\u043e\u0432", "email": "", "is_staff": false, "is_active": true, "date_joined": "2020-05-26T07:26:35Z", "groups": [], "user_permissions": []}}, {"model": "auth.user", "pk": 4, "fields": {"password": "pbkdf2_sha256$180000$01fjRxmPcswT$V59AvdcFIew55kPMtY1m49IfvtuB79a5wIgPPTYLhi8=", "last_login": null, "is_superuser": false, "username": "Grigorev", "first_name": "\u0412\u043b\u0430\u0434\u0438\u043c\u0438\u0440", "last_name": "\u0413\u0440\u0438\u0433\u043e\u0440\u044c\u0435\u0432", "email": "", "is_staff": false, "is_active": true, "date_joined": "2020-10-02T21:28:17Z", "groups": [], "user_permissions": []}}, {"model": "auth.user", "pk": 5, "fields": {"password": "pbkdf2_sha256$180000$BND4vF9Vu9Zh$Es0scd34l/kvOyXap3B/kTxUadNlRAS9q5SomKSlgnc=", "last_login": null, "is_superuser": false, "username": "Gocev", "first_name": "\u0412\u0430\u043b\u0435\u0440\u0438\u0439", "last_name": "\u0413\u043e\u0446\u0435\u0432", "email": "", "is_staff": false, "is_active": false, "date_joined": "2020-10-02T21:32:09Z", "groups": [], "user_permissions": []}}, {"model": "auth.user", "pk": 6, "fields": {"password": "pbkdf2_sha256$180000$W3iTcibBORRZ$a+9emV03kvF6i30+I4DnFsHAsVBwhif11S8qTvm3TY0=", "last_login": null, "is_superuser": false, "username": "Nikolaev", "first_name": "\u0415\u0432\u0433\u0435\u043d\u0438\u0439", "last_name": "\u041d\u0438\u043a\u043e\u043b\u0430\u0435\u0432", "email": "", "is_staff": false, "is_active": true, "date_joined": "2020-10-02T21:34:11Z", "groups": [], "user_permissions": []}}, {"model": "auth.user", "pk": 7, "fields": {"password": "pbkdf2_sha256$180000$nW66pN7KC0nZ$vWcgwY10NZwS37Ijm5IG4l3VdQhDDblMapY61tiy9K0=", "last_login": null, "is_superuser": false, "username": "Yakshin", "first_name": "\u0410\u043d\u0442\u043e\u043d", "last_name": "\u042f\u043a\u0448\u0438\u043d", "email": "", "is_staff": false, "is_active": true, "date_joined": "2020-10-02T21:35:33Z", "groups": [], "user_permissions": []}}, {"model": "auth.user", "pk": 8, "fields": {"password": "pbkdf2_sha256$180000$DWfOu8cNExWw$OrgW8OePGMXgECTXqnVfO4jvHexJkI9DSID0SEaOmeM=", "last_login": null, "is_superuser": false, "username": "Shulaeva", "first_name": "\u041e\u043b\u044c\u0433\u0430", "last_name": "\u0428\u0443\u043b\u0430\u0435\u0432\u0430", "email": "", "is_staff": false, "is_active": true, "date_joined": "2020-10-02T21:36:46Z", "groups": [], "user_permissions": []}}, {"model": "auth.user", "pk": 9, "fields": {"password": "pbkdf2_sha256$180000$8sCKnN7VYaXW$pyPI09K6nI7aWGCh0bbavyMqo0J9tYhWzjpw1P+qWpU=", "last_login": null, "is_superuser": false, "username": "Moskalev", "first_name": "\u0410\u043b\u0435\u043a\u0441\u0435\u0439", "last_name": "\u041c\u043e\u0441\u043a\u0430\u043b\u0451\u0432", "email": "", "is_staff": false, "is_active": true, "date_joined": "2020-10-02T21:38:02Z", "groups": [], "user_permissions": []}}, {"model": "sessions.session", "pk": "31hqr3j20dr54njwz3z7n7jnj17vpiry", "fields": {"session_data": "NmRhODI0MTRhMWRkZGJkNTA5MDI0YzE0MjE4YTQ4ZmUwOWI0Mjg1OTp7Il9hdXRoX3VzZXJfaWQiOiIxIiwiX2F1dGhfdXNlcl9iYWNrZW5kIjoiZGphbmdvLmNvbnRyaWIuYXV0aC5iYWNrZW5kcy5Nb2RlbEJhY2tlbmQiLCJfYXV0aF91c2VyX2hhc2giOiJjMjcwYWMyMzNjODQ0ZjJmMjMzYWQ5YmIwYTViMmQ5ZGE1ZjEwZTYwIn0=", "expire_date": "2020-12-30T09:13:47.165Z"}}, {"model": "sessions.session", "pk": "3o7hzur714tcr4v7xmjisxet2go38wx8", "fields": {"session_data": "NmRhODI0MTRhMWRkZGJkNTA5MDI0YzE0MjE4YTQ4ZmUwOWI0Mjg1OTp7Il9hdXRoX3VzZXJfaWQiOiIxIiwiX2F1dGhfdXNlcl9iYWNrZW5kIjoiZGphbmdvLmNvbnRyaWIuYXV0aC5iYWNrZW5kcy5Nb2RlbEJhY2tlbmQiLCJfYXV0aF91c2VyX2hhc2giOiJjMjcwYWMyMzNjODQ0ZjJmMjMzYWQ5YmIwYTViMmQ5ZGE1ZjEwZTYwIn0=", "expire_date": "2021-07-31T14:37:26.363Z"}}, {"model": "sessions.session", "pk": "43zt62zdhoxteg6aa0g2t1mz4j2f7rsz", "fields": {"session_data": "NmRhODI0MTRhMWRkZGJkNTA5MDI0YzE0MjE4YTQ4ZmUwOWI0Mjg1OTp7Il9hdXRoX3VzZXJfaWQiOiIxIiwiX2F1dGhfdXNlcl9iYWNrZW5kIjoiZGphbmdvLmNvbnRyaWIuYXV0aC5iYWNrZW5kcy5Nb2RlbEJhY2tlbmQiLCJfYXV0aF91c2VyX2hhc2giOiJjMjcwYWMyMzNjODQ0ZjJmMjMzYWQ5YmIwYTViMmQ5ZGE1ZjEwZTYwIn0=", "expire_date": "2021-07-01T15:59:30.758Z"}}, {"model": "sessions.session", "pk": "6juczwzfp2in382zyk9wauxyw1hrmp4k", "fields": {"session_data": "NmRhODI0MTRhMWRkZGJkNTA5MDI0YzE0MjE4YTQ4ZmUwOWI0Mjg1OTp7Il9hdXRoX3VzZXJfaWQiOiIxIiwiX2F1dGhfdXNlcl9iYWNrZW5kIjoiZGphbmdvLmNvbnRyaWIuYXV0aC5iYWNrZW5kcy5Nb2RlbEJhY2tlbmQiLCJfYXV0aF91c2VyX2hhc2giOiJjMjcwYWMyMzNjODQ0ZjJmMjMzYWQ5YmIwYTViMmQ5ZGE1ZjEwZTYwIn0=", "expire_date": "2020-09-03T17:15:17.726Z"}}, {"model": "sessions.session", "pk": "6qxgaxb6leducbcrad848ysgxvf5s8ln", "fields": {"session_data": "NmRhODI0MTRhMWRkZGJkNTA5MDI0YzE0MjE4YTQ4ZmUwOWI0Mjg1OTp7Il9hdXRoX3VzZXJfaWQiOiIxIiwiX2F1dGhfdXNlcl9iYWNrZW5kIjoiZGphbmdvLmNvbnRyaWIuYXV0aC5iYWNrZW5kcy5Nb2RlbEJhY2tlbmQiLCJfYXV0aF91c2VyX2hhc2giOiJjMjcwYWMyMzNjODQ0ZjJmMjMzYWQ5YmIwYTViMmQ5ZGE1ZjEwZTYwIn0=", "expire_date": "2021-08-15T18:57:26.964Z"}}, {"model": "sessions.session", "pk": "7ahah5775nhtn07cz81wc2srlgml2h38", "fields": {"session_data": "NmRhODI0MTRhMWRkZGJkNTA5MDI0YzE0MjE4YTQ4ZmUwOWI0Mjg1OTp7Il9hdXRoX3VzZXJfaWQiOiIxIiwiX2F1dGhfdXNlcl9iYWNrZW5kIjoiZGphbmdvLmNvbnRyaWIuYXV0aC5iYWNrZW5kcy5Nb2RlbEJhY2tlbmQiLCJfYXV0aF91c2VyX2hhc2giOiJjMjcwYWMyMzNjODQ0ZjJmMjMzYWQ5YmIwYTViMmQ5ZGE1ZjEwZTYwIn0=", "expire_date": "2021-08-19T20:56:47.650Z"}}, {"model": "sessions.session", "pk": "7zpotqi4mwelk7oslnrrv42cryfjk7wv", "fields": {"session_data": "NmRhODI0MTRhMWRkZGJkNTA5MDI0YzE0MjE4YTQ4ZmUwOWI0Mjg1OTp7Il9hdXRoX3VzZXJfaWQiOiIxIiwiX2F1dGhfdXNlcl9iYWNrZW5kIjoiZGphbmdvLmNvbnRyaWIuYXV0aC5iYWNrZW5kcy5Nb2RlbEJhY2tlbmQiLCJfYXV0aF91c2VyX2hhc2giOiJjMjcwYWMyMzNjODQ0ZjJmMjMzYWQ5YmIwYTViMmQ5ZGE1ZjEwZTYwIn0=", "expire_date": "2021-06-01T18:20:21.679Z"}}, {"model": "sessions.session", "pk": "8zycsxyxkhez5zzqufxkmrxom7kyy773", "fields": {"session_data": "NmRhODI0MTRhMWRkZGJkNTA5MDI0YzE0MjE4YTQ4ZmUwOWI0Mjg1OTp7Il9hdXRoX3VzZXJfaWQiOiIxIiwiX2F1dGhfdXNlcl9iYWNrZW5kIjoiZGphbmdvLmNvbnRyaWIuYXV0aC5iYWNrZW5kcy5Nb2RlbEJhY2tlbmQiLCJfYXV0aF91c2VyX2hhc2giOiJjMjcwYWMyMzNjODQ0ZjJmMjMzYWQ5YmIwYTViMmQ5ZGE1ZjEwZTYwIn0=", "expire_date": "2020-11-19T21:34:44.130Z"}}, {"model": "sessions.session", "pk": "ad775ffhb5n9rfrh36khexqytbmty10u", "fields": {"session_data": "NmRhODI0MTRhMWRkZGJkNTA5MDI0YzE0MjE4YTQ4ZmUwOWI0Mjg1OTp7Il9hdXRoX3VzZXJfaWQiOiIxIiwiX2F1dGhfdXNlcl9iYWNrZW5kIjoiZGphbmdvLmNvbnRyaWIuYXV0aC5iYWNrZW5kcy5Nb2RlbEJhY2tlbmQiLCJfYXV0aF91c2VyX2hhc2giOiJjMjcwYWMyMzNjODQ0ZjJmMjMzYWQ5YmIwYTViMmQ5ZGE1ZjEwZTYwIn0=", "expire_date": "2020-09-28T13:18:09.018Z"}}, {"model": "sessions.session", "pk": "azz6mylh5xo9g4m9djsp10n1h2ybi8m3", "fields": {"session_data": "NmRhODI0MTRhMWRkZGJkNTA5MDI0YzE0MjE4YTQ4ZmUwOWI0Mjg1OTp7Il9hdXRoX3VzZXJfaWQiOiIxIiwiX2F1dGhfdXNlcl9iYWNrZW5kIjoiZGphbmdvLmNvbnRyaWIuYXV0aC5iYWNrZW5kcy5Nb2RlbEJhY2tlbmQiLCJfYXV0aF91c2VyX2hhc2giOiJjMjcwYWMyMzNjODQ0ZjJmMjMzYWQ5YmIwYTViMmQ5ZGE1ZjEwZTYwIn0=", "expire_date": "2021-02-17T15:09:02.021Z"}}, {"model": "sessions.session", "pk": "b2fttbio26wd9jvxgzb9ahc1ulopgouc", "fields": {"session_data": "NmRhODI0MTRhMWRkZGJkNTA5MDI0YzE0MjE4YTQ4ZmUwOWI0Mjg1OTp7Il9hdXRoX3VzZXJfaWQiOiIxIiwiX2F1dGhfdXNlcl9iYWNrZW5kIjoiZGphbmdvLmNvbnRyaWIuYXV0aC5iYWNrZW5kcy5Nb2RlbEJhY2tlbmQiLCJfYXV0aF91c2VyX2hhc2giOiJjMjcwYWMyMzNjODQ0ZjJmMjMzYWQ5YmIwYTViMmQ5ZGE1ZjEwZTYwIn0=", "expire_date": "2020-12-17T22:20:54.831Z"}}, {"model": "sessions.session", "pk": "bax0h989c35yee081rruexov9ey85w8g", "fields": {"session_data": "NmRhODI0MTRhMWRkZGJkNTA5MDI0YzE0MjE4YTQ4ZmUwOWI0Mjg1OTp7Il9hdXRoX3VzZXJfaWQiOiIxIiwiX2F1dGhfdXNlcl9iYWNrZW5kIjoiZGphbmdvLmNvbnRyaWIuYXV0aC5iYWNrZW5kcy5Nb2RlbEJhY2tlbmQiLCJfYXV0aF91c2VyX2hhc2giOiJjMjcwYWMyMzNjODQ0ZjJmMjMzYWQ5YmIwYTViMmQ5ZGE1ZjEwZTYwIn0=", "expire_date": "2020-11-17T13:02:41.908Z"}}, {"model": "sessions.session", "pk": "betjw96nf2zh65g7u82cyd29sl79vlln", "fields": {"session_data": "NmRhODI0MTRhMWRkZGJkNTA5MDI0YzE0MjE4YTQ4ZmUwOWI0Mjg1OTp7Il9hdXRoX3VzZXJfaWQiOiIxIiwiX2F1dGhfdXNlcl9iYWNrZW5kIjoiZGphbmdvLmNvbnRyaWIuYXV0aC5iYWNrZW5kcy5Nb2RlbEJhY2tlbmQiLCJfYXV0aF91c2VyX2hhc2giOiJjMjcwYWMyMzNjODQ0ZjJmMjMzYWQ5YmIwYTViMmQ5ZGE1ZjEwZTYwIn0=", "expire_date": "2020-11-22T14:34:51.384Z"}}, {"model": "sessions.session", "pk": "brs4qdf97c2htrcbqpnvdipbg9zvlsgc", "fields": {"session_data": "NmRhODI0MTRhMWRkZGJkNTA5MDI0YzE0MjE4YTQ4ZmUwOWI0Mjg1OTp7Il9hdXRoX3VzZXJfaWQiOiIxIiwiX2F1dGhfdXNlcl9iYWNrZW5kIjoiZGphbmdvLmNvbnRyaWIuYXV0aC5iYWNrZW5kcy5Nb2RlbEJhY2tlbmQiLCJfYXV0aF91c2VyX2hhc2giOiJjMjcwYWMyMzNjODQ0ZjJmMjMzYWQ5YmIwYTViMmQ5ZGE1ZjEwZTYwIn0=", "expire_date": "2021-07-31T14:42:47.350Z"}}, {"model": "sessions.session", "pk": "coehfj6j1djf97ze8cknczborva9772w", "fields": {"session_data": "NmRhODI0MTRhMWRkZGJkNTA5MDI0YzE0MjE4YTQ4ZmUwOWI0Mjg1OTp7Il9hdXRoX3VzZXJfaWQiOiIxIiwiX2F1dGhfdXNlcl9iYWNrZW5kIjoiZGphbmdvLmNvbnRyaWIuYXV0aC5iYWNrZW5kcy5Nb2RlbEJhY2tlbmQiLCJfYXV0aF91c2VyX2hhc2giOiJjMjcwYWMyMzNjODQ0ZjJmMjMzYWQ5YmIwYTViMmQ5ZGE1ZjEwZTYwIn0=", "expire_date": "2021-03-27T08:18:58.850Z"}}, {"model": "sessions.session", "pk": "d2l26mbsehg2tvfjj0b01yrx3y9cbv2f", "fields": {"session_data": "NmRhODI0MTRhMWRkZGJkNTA5MDI0YzE0MjE4YTQ4ZmUwOWI0Mjg1OTp7Il9hdXRoX3VzZXJfaWQiOiIxIiwiX2F1dGhfdXNlcl9iYWNrZW5kIjoiZGphbmdvLmNvbnRyaWIuYXV0aC5iYWNrZW5kcy5Nb2RlbEJhY2tlbmQiLCJfYXV0aF91c2VyX2hhc2giOiJjMjcwYWMyMzNjODQ0ZjJmMjMzYWQ5YmIwYTViMmQ5ZGE1ZjEwZTYwIn0=", "expire_date": "2020-09-01T08:36:33.470Z"}}, {"model": "sessions.session", "pk": "d3wohr8atpaov88um1rrqxhacxvesldu", "fields": {"session_data": "NmRhODI0MTRhMWRkZGJkNTA5MDI0YzE0MjE4YTQ4ZmUwOWI0Mjg1OTp7Il9hdXRoX3VzZXJfaWQiOiIxIiwiX2F1dGhfdXNlcl9iYWNrZW5kIjoiZGphbmdvLmNvbnRyaWIuYXV0aC5iYWNrZW5kcy5Nb2RlbEJhY2tlbmQiLCJfYXV0aF91c2VyX2hhc2giOiJjMjcwYWMyMzNjODQ0ZjJmMjMzYWQ5YmIwYTViMmQ5ZGE1ZjEwZTYwIn0=", "expire_date": "2021-08-17T12:50:45.450Z"}}, {"model": "sessions.session", "pk": "ds8wlz5oywc1otlo9bgf0eoqgpr2sem1", "fields": {"session_data": "NmRhODI0MTRhMWRkZGJkNTA5MDI0YzE0MjE4YTQ4ZmUwOWI0Mjg1OTp7Il9hdXRoX3VzZXJfaWQiOiIxIiwiX2F1dGhfdXNlcl9iYWNrZW5kIjoiZGphbmdvLmNvbnRyaWIuYXV0aC5iYWNrZW5kcy5Nb2RlbEJhY2tlbmQiLCJfYXV0aF91c2VyX2hhc2giOiJjMjcwYWMyMzNjODQ0ZjJmMjMzYWQ5YmIwYTViMmQ5ZGE1ZjEwZTYwIn0=", "expire_date": "2020-07-08T19:58:42.626Z"}}, {"model": "sessions.session", "pk": "e5ybj7ncnx8rzf0uqeibghm0fhvs1ba8", "fields": {"session_data": "NmRhODI0MTRhMWRkZGJkNTA5MDI0YzE0MjE4YTQ4ZmUwOWI0Mjg1OTp7Il9hdXRoX3VzZXJfaWQiOiIxIiwiX2F1dGhfdXNlcl9iYWNrZW5kIjoiZGphbmdvLmNvbnRyaWIuYXV0aC5iYWNrZW5kcy5Nb2RlbEJhY2tlbmQiLCJfYXV0aF91c2VyX2hhc2giOiJjMjcwYWMyMzNjODQ0ZjJmMjMzYWQ5YmIwYTViMmQ5ZGE1ZjEwZTYwIn0=", "expire_date": "2020-10-24T11:04:12.539Z"}}, {"model": "sessions.session", "pk": "eqbih4mbyp7t6kai98txl4g7x7xs10nn", "fields": {"session_data": "NmRhODI0MTRhMWRkZGJkNTA5MDI0YzE0MjE4YTQ4ZmUwOWI0Mjg1OTp7Il9hdXRoX3VzZXJfaWQiOiIxIiwiX2F1dGhfdXNlcl9iYWNrZW5kIjoiZGphbmdvLmNvbnRyaWIuYXV0aC5iYWNrZW5kcy5Nb2RlbEJhY2tlbmQiLCJfYXV0aF91c2VyX2hhc2giOiJjMjcwYWMyMzNjODQ0ZjJmMjMzYWQ5YmIwYTViMmQ5ZGE1ZjEwZTYwIn0=", "expire_date": "2020-08-16T18:27:45.149Z"}}, {"model": "sessions.session", "pk": "eukjlnizgj04zwlw5x5fg73tuas3uxdc", "fields": {"session_data": "NmRhODI0MTRhMWRkZGJkNTA5MDI0YzE0MjE4YTQ4ZmUwOWI0Mjg1OTp7Il9hdXRoX3VzZXJfaWQiOiIxIiwiX2F1dGhfdXNlcl9iYWNrZW5kIjoiZGphbmdvLmNvbnRyaWIuYXV0aC5iYWNrZW5kcy5Nb2RlbEJhY2tlbmQiLCJfYXV0aF91c2VyX2hhc2giOiJjMjcwYWMyMzNjODQ0ZjJmMjMzYWQ5YmIwYTViMmQ5ZGE1ZjEwZTYwIn0=", "expire_date": "2021-05-13T11:30:16.844Z"}}, {"model": "sessions.session", "pk": "jglzjbib40yuudlgx3naqqa0z6k4qw5c", "fields": {"session_data": "NmRhODI0MTRhMWRkZGJkNTA5MDI0YzE0MjE4YTQ4ZmUwOWI0Mjg1OTp7Il9hdXRoX3VzZXJfaWQiOiIxIiwiX2F1dGhfdXNlcl9iYWNrZW5kIjoiZGphbmdvLmNvbnRyaWIuYXV0aC5iYWNrZW5kcy5Nb2RlbEJhY2tlbmQiLCJfYXV0aF91c2VyX2hhc2giOiJjMjcwYWMyMzNjODQ0ZjJmMjMzYWQ5YmIwYTViMmQ5ZGE1ZjEwZTYwIn0=", "expire_date": "2020-12-15T23:46:43.512Z"}}, {"model": "sessions.session", "pk": "kh0nqb9j2f76d5u1l0ryj8qlk912cfm2", "fields": {"session_data": "NmRhODI0MTRhMWRkZGJkNTA5MDI0YzE0MjE4YTQ4ZmUwOWI0Mjg1OTp7Il9hdXRoX3VzZXJfaWQiOiIxIiwiX2F1dGhfdXNlcl9iYWNrZW5kIjoiZGphbmdvLmNvbnRyaWIuYXV0aC5iYWNrZW5kcy5Nb2RlbEJhY2tlbmQiLCJfYXV0aF91c2VyX2hhc2giOiJjMjcwYWMyMzNjODQ0ZjJmMjMzYWQ5YmIwYTViMmQ5ZGE1ZjEwZTYwIn0=", "expire_date": "2020-11-26T01:52:16.958Z"}}, {"model": "sessions.session", "pk": "m6awdkmhd8nlospldunka8lgsfdnqsj7", "fields": {"session_data": "NmRhODI0MTRhMWRkZGJkNTA5MDI0YzE0MjE4YTQ4ZmUwOWI0Mjg1OTp7Il9hdXRoX3VzZXJfaWQiOiIxIiwiX2F1dGhfdXNlcl9iYWNrZW5kIjoiZGphbmdvLmNvbnRyaWIuYXV0aC5iYWNrZW5kcy5Nb2RlbEJhY2tlbmQiLCJfYXV0aF91c2VyX2hhc2giOiJjMjcwYWMyMzNjODQ0ZjJmMjMzYWQ5YmIwYTViMmQ5ZGE1ZjEwZTYwIn0=", "expire_date": "2020-08-31T15:48:15.363Z"}}, {"model": "sessions.session", "pk": "mhyqvql8iz24be61fry8ydqrmtcidyl6", "fields": {"session_data": "NmRhODI0MTRhMWRkZGJkNTA5MDI0YzE0MjE4YTQ4ZmUwOWI0Mjg1OTp7Il9hdXRoX3VzZXJfaWQiOiIxIiwiX2F1dGhfdXNlcl9iYWNrZW5kIjoiZGphbmdvLmNvbnRyaWIuYXV0aC5iYWNrZW5kcy5Nb2RlbEJhY2tlbmQiLCJfYXV0aF91c2VyX2hhc2giOiJjMjcwYWMyMzNjODQ0ZjJmMjMzYWQ5YmIwYTViMmQ5ZGE1ZjEwZTYwIn0=", "expire_date": "2020-09-11T19:14:24.696Z"}}, {"model": "sessions.session", "pk": "nmq84d38rvqr23b6k2wup1gwv8bo3uct", "fields": {"session_data": "NmRhODI0MTRhMWRkZGJkNTA5MDI0YzE0MjE4YTQ4ZmUwOWI0Mjg1OTp7Il9hdXRoX3VzZXJfaWQiOiIxIiwiX2F1dGhfdXNlcl9iYWNrZW5kIjoiZGphbmdvLmNvbnRyaWIuYXV0aC5iYWNrZW5kcy5Nb2RlbEJhY2tlbmQiLCJfYXV0aF91c2VyX2hhc2giOiJjMjcwYWMyMzNjODQ0ZjJmMjMzYWQ5YmIwYTViMmQ5ZGE1ZjEwZTYwIn0=", "expire_date": "2020-12-15T19:27:59.096Z"}}, {"model": "sessions.session", "pk": "p2jhol7t28ljmw8kurlt4ba0g8q6rrm2", "fields": {"session_data": "NmRhODI0MTRhMWRkZGJkNTA5MDI0YzE0MjE4YTQ4ZmUwOWI0Mjg1OTp7Il9hdXRoX3VzZXJfaWQiOiIxIiwiX2F1dGhfdXNlcl9iYWNrZW5kIjoiZGphbmdvLmNvbnRyaWIuYXV0aC5iYWNrZW5kcy5Nb2RlbEJhY2tlbmQiLCJfYXV0aF91c2VyX2hhc2giOiJjMjcwYWMyMzNjODQ0ZjJmMjMzYWQ5YmIwYTViMmQ5ZGE1ZjEwZTYwIn0=", "expire_date": "2021-02-01T22:38:00.389Z"}}, {"model": "sessions.session", "pk": "pf709c22xuvtkhjuan0c6blvk142xvue", "fields": {"session_data": "NmRhODI0MTRhMWRkZGJkNTA5MDI0YzE0MjE4YTQ4ZmUwOWI0Mjg1OTp7Il9hdXRoX3VzZXJfaWQiOiIxIiwiX2F1dGhfdXNlcl9iYWNrZW5kIjoiZGphbmdvLmNvbnRyaWIuYXV0aC5iYWNrZW5kcy5Nb2RlbEJhY2tlbmQiLCJfYXV0aF91c2VyX2hhc2giOiJjMjcwYWMyMzNjODQ0ZjJmMjMzYWQ5YmIwYTViMmQ5ZGE1ZjEwZTYwIn0=", "expire_date": "2020-10-03T15:32:47.035Z"}}, {"model": "sessions.session", "pk": "pzln0x2uy1n5d57wapf2atkcrmg26rvu", "fields": {"session_data": "NmRhODI0MTRhMWRkZGJkNTA5MDI0YzE0MjE4YTQ4ZmUwOWI0Mjg1OTp7Il9hdXRoX3VzZXJfaWQiOiIxIiwiX2F1dGhfdXNlcl9iYWNrZW5kIjoiZGphbmdvLmNvbnRyaWIuYXV0aC5iYWNrZW5kcy5Nb2RlbEJhY2tlbmQiLCJfYXV0aF91c2VyX2hhc2giOiJjMjcwYWMyMzNjODQ0ZjJmMjMzYWQ5YmIwYTViMmQ5ZGE1ZjEwZTYwIn0=", "expire_date": "2020-06-08T12:03:48.153Z"}}, {"model": "sessions.session", "pk": "qr0c6hghyosls0dofjwfb02esqhk33lu", "fields": {"session_data": "NmRhODI0MTRhMWRkZGJkNTA5MDI0YzE0MjE4YTQ4ZmUwOWI0Mjg1OTp7Il9hdXRoX3VzZXJfaWQiOiIxIiwiX2F1dGhfdXNlcl9iYWNrZW5kIjoiZGphbmdvLmNvbnRyaWIuYXV0aC5iYWNrZW5kcy5Nb2RlbEJhY2tlbmQiLCJfYXV0aF91c2VyX2hhc2giOiJjMjcwYWMyMzNjODQ0ZjJmMjMzYWQ5YmIwYTViMmQ5ZGE1ZjEwZTYwIn0=", "expire_date": "2020-07-28T08:18:05.006Z"}}, {"model": "sessions.session", "pk": "rflmeqj1zdt669b4zvztbdw5i87v966m", "fields": {"session_data": "NmRhODI0MTRhMWRkZGJkNTA5MDI0YzE0MjE4YTQ4ZmUwOWI0Mjg1OTp7Il9hdXRoX3VzZXJfaWQiOiIxIiwiX2F1dGhfdXNlcl9iYWNrZW5kIjoiZGphbmdvLmNvbnRyaWIuYXV0aC5iYWNrZW5kcy5Nb2RlbEJhY2tlbmQiLCJfYXV0aF91c2VyX2hhc2giOiJjMjcwYWMyMzNjODQ0ZjJmMjMzYWQ5YmIwYTViMmQ5ZGE1ZjEwZTYwIn0=", "expire_date": "2020-07-06T17:56:38.585Z"}}, {"model": "sessions.session", "pk": "s03y4us5g8xbh0dd5u2a5zh2kdl502q6", "fields": {"session_data": "NmRhODI0MTRhMWRkZGJkNTA5MDI0YzE0MjE4YTQ4ZmUwOWI0Mjg1OTp7Il9hdXRoX3VzZXJfaWQiOiIxIiwiX2F1dGhfdXNlcl9iYWNrZW5kIjoiZGphbmdvLmNvbnRyaWIuYXV0aC5iYWNrZW5kcy5Nb2RlbEJhY2tlbmQiLCJfYXV0aF91c2VyX2hhc2giOiJjMjcwYWMyMzNjODQ0ZjJmMjMzYWQ5YmIwYTViMmQ5ZGE1ZjEwZTYwIn0=", "expire_date": "2020-09-02T16:51:11.974Z"}}, {"model": "sessions.session", "pk": "s4prp38gayz406l7ozcz5ns20g7yok8b", "fields": {"session_data": "NmRhODI0MTRhMWRkZGJkNTA5MDI0YzE0MjE4YTQ4ZmUwOWI0Mjg1OTp7Il9hdXRoX3VzZXJfaWQiOiIxIiwiX2F1dGhfdXNlcl9iYWNrZW5kIjoiZGphbmdvLmNvbnRyaWIuYXV0aC5iYWNrZW5kcy5Nb2RlbEJhY2tlbmQiLCJfYXV0aF91c2VyX2hhc2giOiJjMjcwYWMyMzNjODQ0ZjJmMjMzYWQ5YmIwYTViMmQ5ZGE1ZjEwZTYwIn0=", "expire_date": "2021-08-03T14:46:58.112Z"}}, {"model": "sessions.session", "pk": "smv4j4upov6j60zqpyoyeyqw0mtk3g2s", "fields": {"session_data": "NmRhODI0MTRhMWRkZGJkNTA5MDI0YzE0MjE4YTQ4ZmUwOWI0Mjg1OTp7Il9hdXRoX3VzZXJfaWQiOiIxIiwiX2F1dGhfdXNlcl9iYWNrZW5kIjoiZGphbmdvLmNvbnRyaWIuYXV0aC5iYWNrZW5kcy5Nb2RlbEJhY2tlbmQiLCJfYXV0aF91c2VyX2hhc2giOiJjMjcwYWMyMzNjODQ0ZjJmMjMzYWQ5YmIwYTViMmQ5ZGE1ZjEwZTYwIn0=", "expire_date": "2020-07-08T20:53:51.810Z"}}, {"model": "sessions.session", "pk": "spaxu5vetq96xlojn9t8vwd6izgoje1h", "fields": {"session_data": "NmRhODI0MTRhMWRkZGJkNTA5MDI0YzE0MjE4YTQ4ZmUwOWI0Mjg1OTp7Il9hdXRoX3VzZXJfaWQiOiIxIiwiX2F1dGhfdXNlcl9iYWNrZW5kIjoiZGphbmdvLmNvbnRyaWIuYXV0aC5iYWNrZW5kcy5Nb2RlbEJhY2tlbmQiLCJfYXV0aF91c2VyX2hhc2giOiJjMjcwYWMyMzNjODQ0ZjJmMjMzYWQ5YmIwYTViMmQ5ZGE1ZjEwZTYwIn0=", "expire_date": "2020-10-27T17:11:33.133Z"}}, {"model": "sessions.session", "pk": "tj9p6pzsvw7hqa0a0yjnb7xq9tezp5d3", "fields": {"session_data": "NmRhODI0MTRhMWRkZGJkNTA5MDI0YzE0MjE4YTQ4ZmUwOWI0Mjg1OTp7Il9hdXRoX3VzZXJfaWQiOiIxIiwiX2F1dGhfdXNlcl9iYWNrZW5kIjoiZGphbmdvLmNvbnRyaWIuYXV0aC5iYWNrZW5kcy5Nb2RlbEJhY2tlbmQiLCJfYXV0aF91c2VyX2hhc2giOiJjMjcwYWMyMzNjODQ0ZjJmMjMzYWQ5YmIwYTViMmQ5ZGE1ZjEwZTYwIn0=", "expire_date": "2020-07-03T08:21:08.090Z"}}, {"model": "sessions.session", "pk": "ujlqaa8moa6spi62g3cbn4e4x6pgshz5", "fields": {"session_data": "NmRhODI0MTRhMWRkZGJkNTA5MDI0YzE0MjE4YTQ4ZmUwOWI0Mjg1OTp7Il9hdXRoX3VzZXJfaWQiOiIxIiwiX2F1dGhfdXNlcl9iYWNrZW5kIjoiZGphbmdvLmNvbnRyaWIuYXV0aC5iYWNrZW5kcy5Nb2RlbEJhY2tlbmQiLCJfYXV0aF91c2VyX2hhc2giOiJjMjcwYWMyMzNjODQ0ZjJmMjMzYWQ5YmIwYTViMmQ5ZGE1ZjEwZTYwIn0=", "expire_date": "2020-11-03T00:07:36.827Z"}}, {"model": "sessions.session", "pk": "uscxbl2g317ywfk81a806jivwldj7iys", "fields": {"session_data": "ZDZiY2U1MTlkZWZlYjZhNjEzNjFlNmQ0ODY1ZDJhODBjN2Y2NDhhNjp7Il9hdXRoX3VzZXJfaWQiOiIzIiwiX2F1dGhfdXNlcl9iYWNrZW5kIjoiZGphbmdvLmNvbnRyaWIuYXV0aC5iYWNrZW5kcy5Nb2RlbEJhY2tlbmQiLCJfYXV0aF91c2VyX2hhc2giOiJhNzNkMDUzMWNjMDUwZDcyOGVjNjdmNjdiNDI5NDFjMzk0NjZlMGMxIn0=", "expire_date": "2020-06-09T07:27:20.423Z"}}, {"model": "sessions.session", "pk": "x782c6059gngbxvtrws4ewovv781ckj6", "fields": {"session_data": "NmRhODI0MTRhMWRkZGJkNTA5MDI0YzE0MjE4YTQ4ZmUwOWI0Mjg1OTp7Il9hdXRoX3VzZXJfaWQiOiIxIiwiX2F1dGhfdXNlcl9iYWNrZW5kIjoiZGphbmdvLmNvbnRyaWIuYXV0aC5iYWNrZW5kcy5Nb2RlbEJhY2tlbmQiLCJfYXV0aF91c2VyX2hhc2giOiJjMjcwYWMyMzNjODQ0ZjJmMjMzYWQ5YmIwYTViMmQ5ZGE1ZjEwZTYwIn0=", "expire_date": "2021-04-15T20:17:14.864Z"}}, {"model": "sessions.session", "pk": "xink7v69rcf9omk784ue1qxufwbwafu6", "fields": {"session_data": "NmRhODI0MTRhMWRkZGJkNTA5MDI0YzE0MjE4YTQ4ZmUwOWI0Mjg1OTp7Il9hdXRoX3VzZXJfaWQiOiIxIiwiX2F1dGhfdXNlcl9iYWNrZW5kIjoiZGphbmdvLmNvbnRyaWIuYXV0aC5iYWNrZW5kcy5Nb2RlbEJhY2tlbmQiLCJfYXV0aF91c2VyX2hhc2giOiJjMjcwYWMyMzNjODQ0ZjJmMjMzYWQ5YmIwYTViMmQ5ZGE1ZjEwZTYwIn0=", "expire_date": "2020-08-31T17:10:32.983Z"}}, {"model": "sessions.session", "pk": "xo7ncanjpr79w9gr5iqp1x46q2mrnj92", "fields": {"session_data": "NmRhODI0MTRhMWRkZGJkNTA5MDI0YzE0MjE4YTQ4ZmUwOWI0Mjg1OTp7Il9hdXRoX3VzZXJfaWQiOiIxIiwiX2F1dGhfdXNlcl9iYWNrZW5kIjoiZGphbmdvLmNvbnRyaWIuYXV0aC5iYWNrZW5kcy5Nb2RlbEJhY2tlbmQiLCJfYXV0aF91c2VyX2hhc2giOiJjMjcwYWMyMzNjODQ0ZjJmMjMzYWQ5YmIwYTViMmQ5ZGE1ZjEwZTYwIn0=", "expire_date": "2020-10-14T09:47:10.186Z"}}, {"model": "authtoken.token", "pk": "93e9ca706890652b9ff1803255a6b0275115ab9d", "fields": {"user": 1, "created": "2020-06-08T08:13:27.988Z"}}, {"model": "django_celery_beat.clockedschedule", "pk": 4, "fields": {"clocked_time": "2020-08-02T19:27:56Z", "enabled": false}}, {"model": "django_celery_beat.clockedschedule", "pk": 5, "fields": {"clocked_time": "2020-08-02T19:43:18Z", "enabled": false}}, {"model": "django_celery_beat.clockedschedule", "pk": 6, "fields": {"clocked_time": "2020-08-02T20:58:16Z", "enabled": false}}, {"model": "django_celery_beat.clockedschedule", "pk": 7, "fields": {"clocked_time": "2020-08-02T21:01:30Z", "enabled": false}}, {"model": "django_celery_beat.clockedschedule", "pk": 8, "fields": {"clocked_time": "2020-08-02T21:04:00Z", "enabled": false}}, {"model": "django_celery_beat.clockedschedule", "pk": 9, "fields": {"clocked_time": "2020-08-02T21:05:30Z", "enabled": false}}, {"model": "django_celery_beat.clockedschedule", "pk": 10, "fields": {"clocked_time": "2020-08-02T21:08:40Z", "enabled": false}}, {"model": "django_celery_beat.clockedschedule", "pk": 11, "fields": {"clocked_time": "2020-08-02T21:09:40Z", "enabled": false}}, {"model": "django_celery_beat.crontabschedule", "pk": 2, "fields": {"minute": "0", "hour": "5", "day_of_week": "*", "day_of_month": "*", "month_of_year": "*", "timezone": "Europe/Moscow"}}, {"model": "django_celery_beat.crontabschedule", "pk": 10, "fields": {"minute": "0", "hour": "5", "day_of_week": "*", "day_of_month": "*", "month_of_year": "*", "timezone": "Europe/Moscow"}}, {"model": "django_celery_beat.crontabschedule", "pk": 12, "fields": {"minute": "0", "hour": "5", "day_of_week": "*", "day_of_month": "*", "month_of_year": "*", "timezone": "Europe/Moscow"}}, {"model": "django_celery_beat.crontabschedule", "pk": 13, "fields": {"minute": "0", "hour": "4", "day_of_week": "*", "day_of_month": "*", "month_of_year": "*", "timezone": "UTC"}}, {"model": "django_celery_beat.crontabschedule", "pk": 14, "fields": {"minute": "0", "hour": "12,18", "day_of_week": "*", "day_of_month": "*", "month_of_year": "*", "timezone": "Europe/Moscow"}}, {"model": "django_celery_beat.crontabschedule", "pk": 15, "fields": {"minute": "0,20", "hour": "6", "day_of_week": "*", "day_of_month": "*", "month_of_year": "*", "timezone": "Europe/Moscow"}}, {"model": "django_celery_beat.crontabschedule", "pk": 16, "fields": {"minute": "0", "hour": "10,13,16", "day_of_week": "0,1,2,3,4", "day_of_month": "*", "month_of_year": "*", "timezone": "Europe/Moscow"}}, {"model": "django_celery_beat.crontabschedule", "pk": 17, "fields": {"minute": "0", "hour": "8", "day_of_week": "0,1,2,3,4", "day_of_month": "*", "month_of_year": "*", "timezone": "Europe/Moscow"}}, {"model": "django_celery_beat.crontabschedule", "pk": 18, "fields": {"minute": "0", "hour": "8", "day_of_week": "1,3", "day_of_month": "*", "month_of_year": "*", "timezone": "Europe/Moscow"}}, {"model": "django_celery_beat.crontabschedule", "pk": 19, "fields": {"minute": "0", "hour": "8", "day_of_week": "1,3", "day_of_month": "*", "month_of_year": "*", "timezone": "Europe/Moscow"}}, {"model": "django_celery_beat.crontabschedule", "pk": 20, "fields": {"minute": "0", "hour": "10,13,16", "day_of_week": "0,1,2,3,4", "day_of_month": "*", "month_of_year": "*", "timezone": "Europe/Moscow"}}, {"model": "django_celery_beat.crontabschedule", "pk": 21, "fields": {"minute": "0", "hour": "8,10,13,16", "day_of_week": "*", "day_of_month": "*", "month_of_year": "*", "timezone": "Europe/Moscow"}}, {"model": "django_celery_beat.crontabschedule", "pk": 22, "fields": {"minute": "0", "hour": "8", "day_of_week": "0,2,4", "day_of_month": "*", "month_of_year": "*", "timezone": "Europe/Moscow"}}, {"model": "django_celery_beat.crontabschedule", "pk": 23, "fields": {"minute": "0", "hour": "10", "day_of_week": "3", "day_of_month": "*", "month_of_year": "*", "timezone": "Europe/Moscow"}}, {"model": "django_celery_beat.crontabschedule", "pk": 24, "fields": {"minute": "0", "hour": "9", "day_of_week": "*", "day_of_month": "*", "month_of_year": "*", "timezone": "Europe/Moscow"}}, {"model": "django_celery_beat.crontabschedule", "pk": 25, "fields": {"minute": "0", "hour": "5", "day_of_week": "*", "day_of_month": "*", "month_of_year": "*", "timezone": "Europe/Moscow"}}, {"model": "django_celery_beat.crontabschedule", "pk": 26, "fields": {"minute": "0", "hour": "5", "day_of_week": "*", "day_of_month": "*", "month_of_year": "*", "timezone": "Europe/Moscow"}}, {"model": "django_celery_beat.crontabschedule", "pk": 27, "fields": {"minute": "0", "hour": "5", "day_of_week": "*", "day_of_month": "*", "month_of_year": "*", "timezone": "Europe/Moscow"}}, {"model": "django_celery_beat.crontabschedule", "pk": 28, "fields": {"minute": "10", "hour": "8", "day_of_week": "*", "day_of_month": "*", "month_of_year": "*", "timezone": "Europe/Moscow"}}, {"model": "django_celery_beat.crontabschedule", "pk": 29, "fields": {"minute": "0", "hour": "10", "day_of_week": "3", "day_of_month": "*", "month_of_year": "*", "timezone": "Europe/Moscow"}}, {"model": "django_celery_beat.crontabschedule", "pk": 30, "fields": {"minute": "0", "hour": "10", "day_of_week": "*", "day_of_month": "*", "month_of_year": "*", "timezone": "Europe/Moscow"}}, {"model": "django_celery_beat.periodictasks", "pk": 1, "fields": {"last_update": "2021-09-09T17:39:42.691Z"}}, {"model": "django_celery_beat.periodictask", "pk": 1, "fields": {"name": "celery.backend_cleanup", "task": "celery.backend_cleanup", "interval": null, "crontab": 13, "solar": null, "clocked": null, "args": "[]", "kwargs": "{}", "queue": null, "exchange": null, "routing_key": null, "headers": "{}", "priority": null, "expires": null, "expire_seconds": 43200, "one_off": false, "start_time": null, "enabled": true, "last_run_at": "2021-09-13T05:00:04.780Z", "total_run_count": 402, "date_changed": "2021-09-13T05:00:15.360Z", "description": ""}}, {"model": "django_celery_beat.periodictask", "pk": 2, "fields": {"name": "\u041a\u043e\u043d\u0442\u0440\u0430\u0433\u0435\u043d\u0442\u044b", "task": "info_lists.tasks.load_counterparties_celery", "interval": null, "crontab": 2, "solar": null, "clocked": null, "args": "[]", "kwargs": "{}", "queue": null, "exchange": null, "routing_key": null, "headers": "{}", "priority": null, "expires": null, "expire_seconds": null, "one_off": false, "start_time": null, "enabled": true, "last_run_at": "2021-09-13T02:00:00.034Z", "total_run_count": 406, "date_changed": "2021-09-13T02:01:05.291Z", "description": ""}}, {"model": "django_celery_beat.periodictask", "pk": 6, "fields": {"name": "\u041f\u0440\u043e\u0435\u043a\u0442\u044b", "task": "info_lists.tasks.load_projects_celery", "interval": null, "crontab": 10, "solar": null, "clocked": null, "args": "[]", "kwargs": "{}", "queue": null, "exchange": null, "routing_key": null, "headers": "{}", "priority": null, "expires": null, "expire_seconds": null, "one_off": false, "start_time": null, "enabled": true, "last_run_at": "2021-09-13T02:00:00.017Z", "total_run_count": 405, "date_changed": "2021-09-13T02:01:05.321Z", "description": ""}}, {"model": "django_celery_beat.periodictask", "pk": 7, "fields": {"name": "\u0421\u0442\u0430\u0442\u044c\u0438 \u0440\u0430\u0441\u0445\u043e\u0434\u043e\u0432", "task": "info_lists.tasks.load_expenseitems_celery", "interval": null, "crontab": 12, "solar": null, "clocked": null, "args": "[]", "kwargs": "{}", "queue": null, "exchange": null, "routing_key": null, "headers": "{}", "priority": null, "expires": null, "expire_seconds": null, "one_off": false, "start_time": null, "enabled": true, "last_run_at": "2021-09-13T02:00:00.060Z", "total_run_count": 402, "date_changed": "2021-09-13T02:01:05.353Z", "description": ""}}, {"model": "django_celery_beat.periodictask", "pk": 11, "fields": {"name": "\u041a\u0430\u0441\u0441\u044b", "task": "box_office.tasks.proceed_all_box_office", "interval": null, "crontab": 14, "solar": null, "clocked": null, "args": "[]", "kwargs": "{}", "queue": null, "exchange": null, "routing_key": null, "headers": "{}", "priority": null, "expires": null, "expire_seconds": null, "one_off": false, "start_time": null, "enabled": true, "last_run_at": "2021-09-13T09:00:00.007Z", "total_run_count": 5480, "date_changed": "2021-09-13T09:01:00.184Z", "description": ""}}, {"model": "django_celery_beat.periodictask", "pk": 12, "fields": {"name": "\u0417\u0430\u0433\u0440\u0443\u0437\u043a\u0430 \u0432\u044b\u043f\u0438\u0441\u043a\u0438", "task": "bank.tasks.get_bank_statement_celery_task", "interval": null, "crontab": 15, "solar": null, "clocked": null, "args": "[]", "kwargs": "{}", "queue": null, "exchange": null, "routing_key": null, "headers": "{}", "priority": null, "expires": null, "expire_seconds": null, "one_off": false, "start_time": null, "enabled": true, "last_run_at": "2021-09-13T03:20:00.003Z", "total_run_count": 595, "date_changed": "2021-09-13T03:22:23.099Z", "description": ""}}, {"model": "django_celery_beat.periodictask", "pk": 13, "fields": {"name": "\u0414\u0414\u0421 \u043f\u043e \u043f\u0440\u043e\u0435\u043a\u0442\u0430\u043c", "task": "summary_table.tasks.load_dds_task", "interval": null, "crontab": 16, "solar": null, "clocked": null, "args": "[]", "kwargs": "{}", "queue": null, "exchange": null, "routing_key": null, "headers": "{}", "priority": null, "expires": null, "expire_seconds": null, "one_off": false, "start_time": null, "enabled": true, "last_run_at": "2021-09-13T07:00:00.048Z", "total_run_count": 571, "date_changed": "2021-09-13T07:00:40.223Z", "description": ""}}, {"model": "django_celery_beat.periodictask", "pk": 14, "fields": {"name": "\u0414\u0435\u0431\u0438\u0442\u043e\u0440\u043a\u0430", "task": "summary_table.tasks.load_debitorka_task", "interval": null, "crontab": 17, "solar": null, "clocked": null, "args": "[]", "kwargs": "{}", "queue": null, "exchange": null, "routing_key": null, "headers": "{}", "priority": null, "expires": null, "expire_seconds": null, "one_off": false, "start_time": null, "enabled": true, "last_run_at": "2021-09-13T05:00:15.775Z", "total_run_count": 192, "date_changed": "2021-09-13T05:03:16.275Z", "description": ""}}, {"model": "django_celery_beat.periodictask", "pk": 15, "fields": {"name": "\u041f\u043b\u0430\u043d\u043e\u0432\u044b\u0435 \u043f\u043b\u0430\u0442\u0435\u0436\u0438", "task": "summary_table.tasks.load_planovye_platezhi_task", "interval": null, "crontab": 18, "solar": null, "clocked": null, "args": "[]", "kwargs": "{}", "queue": null, "exchange": null, "routing_key": null, "headers": "{}", "priority": null, "expires": null, "expire_seconds": null, "one_off": false, "start_time": null, "enabled": true, "last_run_at": "2021-09-13T05:00:15.750Z", "total_run_count": 79, "date_changed": "2021-09-13T05:03:16.289Z", "description": ""}}, {"model": "django_celery_beat.periodictask", "pk": 17, "fields": {"name": "\u0420\u0435\u0435\u0441\u0442\u0440 \u0431\u0435\u0437\u043d\u0430\u043b", "task": "summary_table.tasks.load_beznal_task", "interval": null, "crontab": 20, "solar": null, "clocked": null, "args": "[]", "kwargs": "{}", "queue": null, "exchange": null, "routing_key": null, "headers": "{}", "priority": null, "expires": null, "expire_seconds": null, "one_off": false, "start_time": null, "enabled": true, "last_run_at": "2021-09-13T07:00:00.035Z", "total_run_count": 571, "date_changed": "2021-09-13T07:00:40.209Z", "description": ""}}, {"model": "django_celery_beat.periodictask", "pk": 18, "fields": {"name": "\u0420\u0435\u0435\u0441\u0442\u0440 \u043d\u0430\u043b", "task": "summary_table.tasks.load_nal_task", "interval": null, "crontab": 21, "solar": null, "clocked": null, "args": "[]", "kwargs": "{}", "queue": null, "exchange": null, "routing_key": null, "headers": "{}", "priority": null, "expires": null, "expire_seconds": null, "one_off": false, "start_time": null, "enabled": true, "last_run_at": "2021-09-13T07:00:00.007Z", "total_run_count": 1063, "date_changed": "2021-09-13T07:00:40.194Z", "description": ""}}, {"model": "django_celery_beat.periodictask", "pk": 19, "fields": {"name": "\u0420\u0435\u0435\u0441\u0442\u0440 \u043f\u0440\u043e\u0435\u043a\u0442\u043e\u0432", "task": "summary_table.tasks.load_reestr_proektov_task", "interval": null, "crontab": 22, "solar": null, "clocked": null, "args": "[]", "kwargs": "{}", "queue": null, "exchange": null, "routing_key": null, "headers": "{}", "priority": null, "expires": null, "expire_seconds": null, "one_off": false, "start_time": null, "enabled": true, "last_run_at": "2021-09-12T05:00:00.035Z", "total_run_count": 115, "date_changed": "2021-09-12T05:00:35.272Z", "description": ""}}, {"model": "django_celery_beat.periodictask", "pk": 20, "fields": {"name": "\u0412\u0437\u0430\u0438\u043c\u043e\u0440\u0430\u0441\u0447\u0451\u0442\u044b \u0441 \u0441\u043e\u0442\u0440\u0443\u0434\u043d\u0438\u043a\u0430\u043c\u0438", "task": "summary_table.tasks.load_vzaimoraschety_task", "interval": null, "crontab": 23, "solar": null, "clocked": null, "args": "[]", "kwargs": "{}", "queue": null, "exchange": null, "routing_key": null, "headers": "{}", "priority": null, "expires": null, "expire_seconds": null, "one_off": false, "start_time": null, "enabled": true, "last_run_at": "2021-09-08T07:00:00.007Z", "total_run_count": 39, "date_changed": "2021-09-08T07:02:00.416Z", "description": ""}}, {"model": "django_celery_beat.periodictask", "pk": 21, "fields": {"name": "\u0411\u043e\u043d\u0443\u0441 1", "task": "bonuses.tasks.load_bonus2_task", "interval": null, "crontab": 24, "solar": null, "clocked": null, "args": "[]", "kwargs": "{}", "queue": null, "exchange": null, "routing_key": null, "headers": "{}", "priority": null, "expires": null, "expire_seconds": null, "one_off": false, "start_time": null, "enabled": true, "last_run_at": "2021-09-13T06:00:00.028Z", "total_run_count": 266, "date_changed": "2021-09-13T06:00:30.132Z", "description": ""}}, {"model": "django_celery_beat.periodictask", "pk": 22, "fields": {"name": "\u0411\u043e\u043d\u0443\u0441 2", "task": "bonuses.tasks.load_bonus2_task", "interval": null, "crontab": 24, "solar": null, "clocked": null, "args": "[]", "kwargs": "{}", "queue": null, "exchange": null, "routing_key": null, "headers": "{}", "priority": null, "expires": null, "expire_seconds": null, "one_off": false, "start_time": null, "enabled": true, "last_run_at": "2021-09-13T06:00:00.007Z", "total_run_count": 266, "date_changed": "2021-09-13T06:00:30.152Z", "description": ""}}, {"model": "django_celery_beat.periodictask", "pk": 23, "fields": {"name": "\u0421\u043a\u043b\u0430\u0434\u044b", "task": "info_lists.tasks.load_stores_task", "interval": null, "crontab": 25, "solar": null, "clocked": null, "args": "[]", "kwargs": "{}", "queue": null, "exchange": null, "routing_key": null, "headers": "{}", "priority": null, "expires": null, "expire_seconds": null, "one_off": false, "start_time": null, "enabled": true, "last_run_at": "2021-09-13T02:00:00.048Z", "total_run_count": 258, "date_changed": "2021-09-13T02:01:05.274Z", "description": ""}}, {"model": "django_celery_beat.periodictask", "pk": 24, "fields": {"name": "\u0413\u0440\u0443\u043f\u043f\u044b \u0442\u043e\u0432\u0430\u0440\u043e\u0432", "task": "info_lists.tasks.load_product_folders_task", "interval": null, "crontab": 26, "solar": null, "clocked": null, "args": "[]", "kwargs": "{}", "queue": null, "exchange": null, "routing_key": null, "headers": "{}", "priority": null, "expires": null, "expire_seconds": null, "one_off": false, "start_time": null, "enabled": true, "last_run_at": "2021-09-13T02:00:00.003Z", "total_run_count": 258, "date_changed": "2021-09-13T02:01:05.338Z", "description": ""}}, {"model": "django_celery_beat.periodictask", "pk": 25, "fields": {"name": "\u0421\u043e\u0442\u0440\u0443\u0434\u043d\u0438\u043a\u0438", "task": "info_lists.tasks.load_employees_task", "interval": null, "crontab": 27, "solar": null, "clocked": null, "args": "[]", "kwargs": "{}", "queue": null, "exchange": null, "routing_key": null, "headers": "{}", "priority": null, "expires": null, "expire_seconds": null, "one_off": false, "start_time": null, "enabled": true, "last_run_at": "2021-09-13T02:00:00.072Z", "total_run_count": 256, "date_changed": "2021-09-13T02:01:05.306Z", "description": ""}}, {"model": "django_celery_beat.periodictask", "pk": 26, "fields": {"name": "\u0421\u0442\u0440\u043e\u043a\u0438 \u0438\u0437 \u043a\u0430\u0441\u0441 \u0441\u043e\u0442\u0440\u0443\u0434\u043d\u0438\u043a\u043e\u0432 \u0432 \u043a\u0430\u0441\u0441\u0435 \u0442\u0444", "task": "box_office.tasks.load_employees_payments_task", "interval": null, "crontab": 28, "solar": null, "clocked": null, "args": "[]", "kwargs": "{}", "queue": null, "exchange": null, "routing_key": null, "headers": "{}", "priority": null, "expires": null, "expire_seconds": null, "one_off": false, "start_time": null, "enabled": true, "last_run_at": "2021-09-13T05:10:00.001Z", "total_run_count": 233, "date_changed": "2021-09-13T05:12:20.409Z", "description": ""}}, {"model": "django_celery_beat.periodictask", "pk": 27, "fields": {"name": "\u0421\u043e\u0437\u0434\u0430\u043d\u0438\u0435 \u0410/\u041e", "task": "box_office.tasks.create_report_for_all", "interval": null, "crontab": 29, "solar": null, "clocked": null, "args": "[]", "kwargs": "{}", "queue": null, "exchange": null, "routing_key": null, "headers": "{}", "priority": null, "expires": null, "expire_seconds": null, "one_off": false, "start_time": "2020-12-09T10:06:34Z", "enabled": false, "last_run_at": null, "total_run_count": 6, "date_changed": "2021-03-13T13:51:39.193Z", "description": ""}}, {"model": "django_celery_beat.periodictask", "pk": 28, "fields": {"name": "\u0421\u043e\u0437\u0434\u0430\u043d\u0438\u0435 \u043b\u0438\u0434\u043e\u0432 \u0441 TIU", "task": "integrations.tasks.load_leads_from_tiu_to_bitrix", "interval": null, "crontab": 30, "solar": null, "clocked": null, "args": "[]", "kwargs": "{}", "queue": null, "exchange": null, "routing_key": null, "headers": "{}", "priority": null, "expires": null, "expire_seconds": null, "one_off": false, "start_time": null, "enabled": true, "last_run_at": "2021-09-13T07:00:00.022Z", "total_run_count": 204, "date_changed": "2021-09-13T07:00:40.177Z", "description": ""}}, {"model": "startpage.moyskladuser", "pk": "3632b2eb-4441-11e6-7a69-93a7000882cf", "fields": {"user": 9, "group_id": "b901deaa-bf5f-11e9-912f-f3d40015f78a"}}, {"model": "startpage.moyskladuser", "pk": "6c614aae-2b8c-11e8-9109-f8fc00224981", "fields": {"user": 8, "group_id": "d0150029-a9bf-11e6-7a69-9711004da69c"}}, {"model": "startpage.moyskladuser", "pk": "6cec8f00-d5fb-11e8-9107-5048001e519e", "fields": {"user": 1, "group_id": "d0150029-a9bf-11e6-7a69-9711004da69c"}}, {"model": "startpage.moyskladuser", "pk": "83f44b8b-ad77-11e6-7a69-8f5500079d49", "fields": {"user": 7, "group_id": "7a359153-ad77-11e6-7a69-8f5500079a60"}}, {"model": "startpage.moyskladuser", "pk": "a0db0871-3dd2-11e9-912f-f3d4001309b7", "fields": {"user": 6, "group_id": "b901deaa-bf5f-11e9-912f-f3d40015f78a"}}, {"model": "startpage.moyskladuser", "pk": "c6f72b9b-7c85-11e5-7a40-e897002c7305", "fields": {"user": 3, "group_id": "c7c0dfad-7c85-11e5-90a2-8ecb000043b1"}}, {"model": "startpage.moyskladuser", "pk": "f73ec6de-04d4-11eb-0a80-003f000fe6ae", "fields": {"user": 5, "group_id": "0a9443ec-7e36-11e6-7a69-8f5500134e60"}}, {"model": "startpage.moyskladuser", "pk": "fe3a9504-8896-11e5-90a2-8ecb00054ccf", "fields": {"user": 4, "group_id": "7a359153-ad77-11e6-7a69-8f5500079a60"}}, {"model": "startpage.bitrixuser", "pk": "-", "fields": {"user": 5}}, {"model": "startpage.bitrixuser", "pk": "1", "fields": {"user": 3}}, {"model": "startpage.bitrixuser", "pk": "10", "fields": {"user": 7}}, {"model": "startpage.bitrixuser", "pk": "113", "fields": {"user": 8}}, {"model": "startpage.bitrixuser", "pk": "165", "fields": {"user": 1}}, {"model": "startpage.bitrixuser", "pk": "187", "fields": {"user": 6}}, {"model": "startpage.bitrixuser", "pk": "6", "fields": {"user": 9}}, {"model": "startpage.bitrixuser", "pk": "8", "fields": {"user": 4}}, {"model": "startpage.auth", "pk": 1, "fields": {"login": "temp@tehno-fasad", "password": "3wzgLqatDz", "service_name": "moysklad"}}, {"model": "startpage.auth", "pk": 2, "fields": {"login": "3a10auvjt49x0yxq", "password": "3a10auvjt49x0yxq", "service_name": "bitrix"}}, {"model": "startpage.userprofile", "pk": 1, "fields": {"user": 3, "initials": "\u0410. \u0410."}}, {"model": "startpage.userprofile", "pk": 2, "fields": {"user": 1, "initials": "\u0410. \u0410."}}, {"model": "startpage.userprofile", "pk": 3, "fields": {"user": 4, "initials": "\u0412. \u041e."}}, {"model": "startpage.userprofile", "pk": 4, "fields": {"user": 6, "initials": "\u0415. \u0410."}}, {"model": "startpage.userprofile", "pk": 5, "fields": {"user": 7, "initials": "\u0410. \u0410."}}, {"model": "startpage.userprofile", "pk": 6, "fields": {"user": 8, "initials": "\u041e. \u0410."}}, {"model": "startpage.userprofile", "pk": 7, "fields": {"user": 9, "initials": "\u0410. \u041d."}}, {"model": "startpage.inputtype", "pk": 1, "fields": {"title": "string"}}, {"model": "startpage.input", "pk": 1, "fields": {"type": 1, "title": "\u0421\u0441\u044b\u043b\u043a\u0430 \u043d\u0430 \u0442\u0430\u0431\u043b\u0438\u0446\u0443", "value": "http://some"}}, {"model": "startpage.input", "pk": 2, "fields": {"type": 1, "title": "\u041d\u0430\u0437\u0432\u0430\u043d\u0438\u0435 \u043b\u0438\u0441\u0442\u0430 \u0442\u0430\u0431\u043b\u0438\u0446\u044b", "value": "\u043b\u0438\u0441\u04421"}}, {"model": "startpage.input", "pk": 3, "fields": {"type": 1, "title": "\u0421\u0441\u044b\u043b\u043a\u0430 \u043d\u0430 \u0442\u0430\u0431\u043b\u0438\u0446\u0443", "value": "\u0444\u044b\u0430\u0444\u044b\u0430"}}, {"model": "startpage.input", "pk": 4, "fields": {"type": 1, "title": "\u041d\u0430\u0437\u0432\u0430\u043d\u0438\u0435 \u043b\u0438\u0441\u0442\u0430 \u0442\u0430\u0431\u043b\u0438\u0446\u044b", "value": "\u0444\u0444\u0444\u0444\u0444\u0444\u0444"}}, {"model": "startpage.input", "pk": 5, "fields": {"type": 1, "title": "\u0421\u0441\u044b\u043b\u043a\u0430 \u043d\u0430 \u0442\u0430\u0431\u043b\u0438\u0446\u0443", "value": "\u044b\u044b\u044b\u044b\u044b\u044b"}}, {"model": "startpage.input", "pk": 6, "fields": {"type": 1, "title": "\u041d\u0430\u0437\u0432\u0430\u043d\u0438\u0435 \u043b\u0438\u0441\u0442\u0430 \u0442\u0430\u0431\u043b\u0438\u0446\u044b", "value": "\u043f\u043f\u043f\u043f\u043f\u043f"}}, {"model": "startpage.projectgroup", "pk": 1, "fields": {"name": "\u041f\u0440\u043e\u0435\u043a\u0442\u0438\u0440\u043e\u0432\u0430\u043d\u0438\u0435 (\u0410\u0420\u041f)", "bitrix_id": "5", "moysklad_id": "363b7e33-b65a-11e8-9107-5048000d5c8c"}}, {"model": "startpage.projectgroup", "pk": 2, "fields": {"name": "\u041f\u0440\u043e\u0434\u0430\u0436\u0430 \u043a\u043e\u043c\u043f\u043b\u0435\u043a\u0442\u0443\u044e\u0449\u0438\u0445 (\u041f\u041a)", "bitrix_id": "3", "moysklad_id": "ae0e8e9e-0664-11e7-7a31-d0fd00087286"}}, {"model": "startpage.projectgroup", "pk": 3, "fields": {"name": "\u0420\u0430\u0431\u043e\u0442\u044b (\u0424\u0427)", "bitrix_id": "11", "moysklad_id": "997526c7-0664-11e7-7a34-5acf00086196"}}, {"model": "startpage.projectgroup", "pk": 4, "fields": {"name": "\u0420\u0430\u0431\u043e\u0442\u044b (\u041c\u041a\u0414)", "bitrix_id": "13", "moysklad_id": "fb739fff-fa95-11ea-0a80-0516001583a4"}}, {"model": "startpage.projectgroup", "pk": 5, "fields": {"name": "\u0420\u0430\u0431\u043e\u0442\u044b (\u0424\u041a)", "bitrix_id": "0", "moysklad_id": "8f534bdb-0664-11e7-7a34-5acf00086010"}}, {"model": "create_project_folder.owner", "pk": 1, "fields": {"email": "teplanet5@gmail.com"}}, {"model": "create_project_folder.projecttype", "pk": 1, "fields": {"name": "\u041c\u0421\u041a", "google_drive_url": "https://drive.google.com/drive/folders/1J4ebMCCM8DCpNjMsFkhWq6SZO-9tyl_S", "bitrix_smr": "293"}}, {"model": "create_project_folder.projecttype", "pk": 2, "fields": {"name": "\u041a\u0420\u0414", "google_drive_url": "https://drive.google.com/drive/u/0/folders/1qu3RzkrsWB6ADew0_MJpAGqeqq6pMO_n", "bitrix_smr": "295"}}, {"model": "create_project_folder.projecttype", "pk": 3, "fields": {"name": "\u041d\u041d", "google_drive_url": "https://drive.google.com/drive/u/0/folders/1QY5rbbCDIPTdnEq3keAgF8cTxVFG_HDe", "bitrix_smr": "291"}}, {"model": "create_project_folder.projecttype", "pk": 4, "fields": {"name": "\u0421\u041f\u0411", "google_drive_url": "https://drive.google.com/drive/u/0/folders/1Cmx7g29fkj4DXj0m-7vz4YdkGnGMp0wI", "bitrix_smr": "297"}}, {"model": "create_project_folder.projecttype", "pk": 5, "fields": {"name": "\u0442\u0435\u0441\u0442", "google_drive_url": "https://drive.google.com/drive/u/0/folders/15CrdSJ0iCIdDcYvgt7RXgvwYIyO5rnKe", "bitrix_smr": "000"}}, {"model": "create_project_folder.projectpattern", "pk": 1, "fields": {"name": "\u0428\u0430\u0431\u043b\u043e\u043d \u0434\u043b\u044f \u0424\u0427", "google_drive_url": "https://drive.google.com/drive/folders/1rEV3utmz2XfmDCDSAlJiGnXjiZYnB0LQ", "project_group": 3}}, {"model": "create_project_folder.projectpattern", "pk": 3, "fields": {"name": "\u0428\u0430\u0431\u043b\u043e\u043d \u0434\u043b\u044f \u0424\u041a", "google_drive_url": "https://drive.google.com/drive/folders/1rEV3utmz2XfmDCDSAlJiGnXjiZYnB0LQ", "project_group": 5}}, {"model": "start_project.datainput", "pk": 1, "fields": {"project_pattern": "\u0428\u0410\u0411\u041b\u041e\u041d \u041f\u0420\u041e\u0415\u041a\u0422\u0410", "project_group": 5}}, {"model": "start_project.datainput", "pk": 3, "fields": {"project_pattern": "\u0428\u0410\u0411\u041b\u041e\u041d \u041f\u0420\u041e\u0415\u041a\u0422\u0410 \u041f\u041a", "project_group": 2}}, {"model": "integrations.utm", "pk": 1, "fields": {"caller_id": "79302749411", "source": "yandex_krd", "medium": null, "campaign": null, "content": null, "term": null}}, {"model": "integrations.utm", "pk": 2, "fields": {"caller_id": "79302749411", "source": "yandex_krd", "medium": null, "campaign": null, "content": null, "term": null}}, {"model": "integrations.utm", "pk": 3, "fields": {"caller_id": "79623403949", "source": "google_nn", "medium": "poisk", "campaign": "fk_keramogranit_nn", "content": "add", "term": ""}}, {"model": "integrations.utm", "pk": 4, "fields": {"caller_id": "79037902519", "source": "yandex_msk", "medium": "rsy", "campaign": "rsy_fk_fasad_raboty_msk", "content": "add", "term": "\u043c\u043e\u043d\u0442\u0430\u0436 \u0444\u0430\u0441\u0430\u0434\u043e\u0432"}}, {"model": "integrations.utm", "pk": 5, "fields": {"caller_id": "78314222725", "source": "yandex_msk", "medium": "poisk", "campaign": "fk_fasad_raboty_msk", "content": "add", "term": "\u043e\u0431\u043b\u0438\u0446\u043e\u0432\u043a\u0430 \u0444\u0430\u0441\u0430\u0434\u0430"}}, {"model": "integrations.utm", "pk": 6, "fields": {"caller_id": "79169809653", "source": "google_msk", "medium": "poisk", "campaign": "fk_keramogranit_msk", "content": "add", "term": "\u043e\u0442\u0434\u0435\u043b\u043a\u0430 \u0444\u0430\u0441\u0430\u0434\u0430 \u043a\u0435\u0440\u0430\u043c\u043e\u0433\u0440\u0430\u043d\u0438\u0442\u043d\u043e\u0439 \u043f\u043b\u0438\u0442\u043a\u043e\u0439"}}, {"model": "integrations.utm", "pk": 7, "fields": {"caller_id": "79101324135", "source": "yandex_krd", "medium": null, "campaign": null, "content": null, "term": null}}, {"model": "integrations.utm", "pk": 8, "fields": {"caller_id": "79101324135", "source": "yandex_spb", "medium": null, "campaign": null, "content": null, "term": null}}, {"model": "integrations.utm", "pk": 9, "fields": {"caller_id": "79250677600", "source": "yandex_msk", "medium": "poisk", "campaign": "fk_fasad_raboty_msk", "content": "add", "term": "\u0432\u0435\u043d\u0442\u0438\u043b\u0438\u0440\u0443\u0435\u043c\u044b\u0439 \u0444\u0430\u0441\u0430\u0434 \u0446\u0435\u043d\u0430 \u0437\u0430 \u043c2"}}, {"model": "integrations.utm", "pk": 10, "fields": {"caller_id": "79306871177", "source": "yandex_nn", "medium": "poisk", "campaign": "fk_fasad_raboty_nn", "content": "add", "term": "\u0443\u0441\u0442\u0430\u043d\u043e\u0432\u043a\u0430 \u0432\u0435\u043d\u0442\u0438\u043b\u0438\u0440\u0443\u0435\u043c\u044b\u0445 \u0444\u0430\u0441\u0430\u0434\u043e\u0432"}}, {"model": "integrations.utm", "pk": 11, "fields": {"caller_id": "79120858505", "source": "yandex_msk", "medium": "rsy", "campaign": "rsy_fk_fasad_raboty_msk", "content": "add", "term": "\u0432\u0435\u043d\u0442\u0438\u043b\u0438\u0440\u0443\u0435\u043c\u044b\u0439 \u0444\u0430\u0441\u0430\u0434 \u0446\u0435\u043d\u0430 \u0437\u0430 \u043c2"}}, {"model": "integrations.utm", "pk": 12, "fields": {"caller_id": "79221814076", "source": null, "medium": null, "campaign": null, "content": null, "term": null}}, {"model": "integrations.utm", "pk": 13, "fields": {"caller_id": "79852102425", "source": "google_nn", "medium": "kms", "campaign": "kms_fk_keramogranit_nn", "content": "add", "term": ""}}, {"model": "integrations.utm", "pk": 14, "fields": {"caller_id": "79776077579", "source": "yandex_msk", "medium": "poisk", "campaign": "fk_fasad_raboty_msk", "content": "add", "term": "\u0440\u0435\u043c\u043e\u043d\u0442 \u0444\u0430\u0441\u0430\u0434\u043e\u0432 \u043c\u043e\u0441\u043a\u043e\u0432\u0441\u043a\u0430\u044f \u043e\u0431\u043b\u0430\u0441\u0442\u044c"}}, {"model": "integrations.utm", "pk": 15, "fields": {"caller_id": "79776077579", "source": "yandex_msk", "medium": "poisk", "campaign": "fk_fasad_raboty_msk", "content": "add", "term": "\u0440\u0435\u043c\u043e\u043d\u0442 \u0444\u0430\u0441\u0430\u0434\u043e\u0432 \u043c\u043e\u0441\u043a\u043e\u0432\u0441\u043a\u0430\u044f \u043e\u0431\u043b\u0430\u0441\u0442\u044c"}}, {"model": "integrations.utm", "pk": 16, "fields": {"caller_id": "79610365842", "source": "yandex_msk", "medium": "rsy", "campaign": "rsy_fk_fasad_raboty_msk", "content": "add", "term": "\u043e\u0431\u043b\u0438\u0446\u043e\u0432\u043a\u0430 \u0444\u0430\u0441\u0430\u0434\u0430"}}, {"model": "integrations.utm", "pk": 17, "fields": {"caller_id": "74956419178", "source": "yandex_msk", "medium": "poisk", "campaign": "fk_fasad_raboty_msk", "content": "add", "term": "\u043c\u043e\u043d\u0442\u0430\u0436 \u0432\u0435\u043d\u0442\u0444\u0430\u0441\u0430\u0434\u0430 \u0446\u0435\u043d\u0430 \u0437\u0430 \u043c2"}}, {"model": "integrations.utm", "pk": 18, "fields": {"caller_id": "74956419178", "source": "yandex_msk", "medium": "poisk", "campaign": "fk_fasad_raboty_msk", "content": "add", "term": "\u043c\u043e\u043d\u0442\u0430\u0436 \u0432\u0435\u043d\u0442\u0444\u0430\u0441\u0430\u0434\u0430 \u0446\u0435\u043d\u0430 \u0437\u0430 \u043c2"}}, {"model": "integrations.utm", "pk": 19, "fields": {"caller_id": "79057253973", "source": "yandex_msk", "medium": "rsy", "campaign": "rsy_fk_fasad_raboty_msk", "content": "add", "term": "\u0432\u0435\u043d\u0442\u0438\u043b\u0438\u0440\u0443\u0435\u043c\u044b\u0435 \u0444\u0430\u0441\u0430\u0434\u044b \u043c\u043e\u0441\u043a\u0432\u0430"}}, {"model": "integrations.utm", "pk": 20, "fields": {"caller_id": "74997807598", "source": null, "medium": null, "campaign": null, "content": null, "term": null}}, {"model": "integrations.utm", "pk": 21, "fields": {"caller_id": "79057253973", "source": "yandex_msk", "medium": "rsy", "campaign": "rsy_fk_metallokassety", "content": "test2", "term": "\u043c\u0435\u0442\u0430\u043b\u043b\u0438\u0447\u0435\u0441\u043a\u0430\u044f \u043e\u0442\u0434\u0435\u043b\u043a\u0430 \u0444\u0430\u0441\u0430\u0434\u0430"}}, {"model": "integrations.utm", "pk": 22, "fields": {"caller_id": "79057253973", "source": "yandex_msk", "medium": "rsy", "campaign": "rsy_fk_fasad_raboty_msk", "content": "add", "term": "\u0432\u0435\u043d\u0442\u0438\u043b\u0438\u0440\u0443\u0435\u043c\u044b\u0435 \u0444\u0430\u0441\u0430\u0434\u044b \u043c\u043e\u0441\u043a\u0432\u0430"}}, {"model": "integrations.utm", "pk": 23, "fields": {"caller_id": "79990748381", "source": "yandex_msk", "medium": "poisk", "campaign": "fk_fasad_raboty_msk", "content": "add", "term": "\u0444\u0430\u0441\u0430\u0434 \u043f\u043e\u0434 \u043a\u043b\u044e\u0447"}}, {"model": "integrations.utm", "pk": 24, "fields": {"caller_id": "79990748381", "source": "yandex_nn", "medium": "poisk", "campaign": "fk_fasad_raboty_nn", "content": "add", "term": "\u0438\u0437\u0433\u043e\u0442\u043e\u0432\u043b\u0435\u043d\u0438\u0435 \u0444\u0430\u0441\u0430\u0434\u043e\u0432 \u0446\u0435\u043d\u0430"}}, {"model": "integrations.utm", "pk": 25, "fields": {"caller_id": "79108709013", "source": "yandex_nn", "medium": "rsy", "campaign": "rsy_fk_fasad_raboty_nn", "content": "add", "term": "\u0432\u0435\u043d\u0442\u0444\u0430\u0441\u0430\u0434 \u0446\u0435\u043d\u0430"}}, {"model": "integrations.utm", "pk": 26, "fields": {"caller_id": "79108709013", "source": "yandex_nn", "medium": "rsy", "campaign": "rsy_fk_fasad_raboty_nn", "content": "add", "term": "\u0432\u0435\u043d\u0442\u0444\u0430\u0441\u0430\u0434 \u0446\u0435\u043d\u0430"}}, {"model": "integrations.utm", "pk": 27, "fields": {"caller_id": "79108709013", "source": "yandex_nn", "medium": "rsy", "campaign": "rsy_fk_fasad_raboty_nn", "content": "add", "term": "\u0432\u0435\u043d\u0442\u0444\u0430\u0441\u0430\u0434 \u0446\u0435\u043d\u0430"}}, {"model": "integrations.utm", "pk": 28, "fields": {"caller_id": "79108709013", "source": "yandex_nn", "medium": "rsy", "campaign": "rsy_fk_fasad_raboty_nn", "content": "add", "term": "\u043e\u0442\u0434\u0435\u043b\u043a\u0430 \u0444\u0430\u0441\u0430\u0434\u0430 \u0444\u0430\u0441\u0430\u0434\u043d\u044b\u043c\u0438 \u043f\u0430\u043d\u0435\u043b\u044f\u043c\u0438"}}, {"model": "integrations.utm", "pk": 29, "fields": {"caller_id": "79162383017", "source": "yandex_msk", "medium": "rsy", "campaign": "rsy_fk_fasad_raboty_msk", "content": "add", "term": "\u0432\u0435\u043d\u0442\u0438\u043b\u0438\u0440\u0443\u0435\u043c\u044b\u0435 \u0444\u0430\u0441\u0430\u0434\u044b \u0446\u0435\u043d\u0430"}}, {"model": "integrations.utm", "pk": 30, "fields": {"caller_id": "79296160145", "source": "yandex_msk", "medium": "poisk", "campaign": "fk_fasad_raboty_msk", "content": "add", "term": "\u0441\u0442\u0440\u043e\u0438\u0442\u0435\u043b\u044c\u0441\u0442\u0432\u043e \u0444\u0430\u0441\u0430\u0434\u043e\u0432"}}, {"model": "integrations.utm", "pk": 31, "fields": {"caller_id": "79296160145", "source": "yandex_msk", "medium": "poisk", "campaign": "fk_fasad_raboty_msk", "content": "add", "term": "\u0441\u0442\u0440\u043e\u0438\u0442\u0435\u043b\u044c\u0441\u0442\u0432\u043e \u0444\u0430\u0441\u0430\u0434\u043e\u0432"}}, {"model": "integrations.utm", "pk": 32, "fields": {"caller_id": "74951818597", "source": "yandex_msk", "medium": "poisk", "campaign": "fk_fasad_raboty_msk", "content": "add", "term": "\u0444\u0430\u0441\u0430\u0434\u043d\u044b\u0435 \u0440\u0430\u0431\u043e\u0442\u044b"}}, {"model": "integrations.utm", "pk": 33, "fields": {"caller_id": "79202596060", "source": null, "medium": null, "campaign": null, "content": null, "term": null}}, {"model": "integrations.utm", "pk": 34, "fields": {"caller_id": "79108400966", "source": null, "medium": null, "campaign": null, "content": null, "term": null}}, {"model": "integrations.utm", "pk": 35, "fields": {"caller_id": "79625126264", "source": null, "medium": null, "campaign": null, "content": null, "term": null}}, {"model": "integrations.utm", "pk": 36, "fields": {"caller_id": "79101028570", "source": "yandex_nn", "medium": "poisk", "campaign": "fk_fasad_raboty_nn", "content": "add", "term": "\u0444\u0430\u0441\u0430\u0434\u043d\u044b\u0435 \u0440\u0430\u0431\u043e\u0442\u044b"}}, {"model": "integrations.utm", "pk": 37, "fields": {"caller_id": "79262257212", "source": "yandex_nn", "medium": "poisk", "campaign": "fk_fasad_raboty_nn", "content": "add", "term": "\u0444\u0430\u0441\u0430\u0434\u043d\u044b\u0435 \u0440\u0430\u0431\u043e\u0442\u044b"}}, {"model": "integrations.utm", "pk": 38, "fields": {"caller_id": "79264959695", "source": "yandex_msk", "medium": "poisk", "campaign": "fk_fasad_raboty_msk", "content": "add", "term": "\u043e\u0442\u0434\u0435\u043b\u043a\u0430 \u0444\u0430\u0441\u0430\u0434\u0430"}}, {"model": "integrations.utm", "pk": 39, "fields": {"caller_id": "74951818597", "source": null, "medium": null, "campaign": null, "content": null, "term": null}}, {"model": "integrations.utm", "pk": 40, "fields": {"caller_id": "79533333897", "source": null, "medium": null, "campaign": null, "content": null, "term": null}}, {"model": "integrations.utm", "pk": 41, "fields": {"caller_id": "79533333897", "source": null, "medium": null, "campaign": null, "content": null, "term": null}}, {"model": "integrations.utm", "pk": 42, "fields": {"caller_id": "79063539940", "source": null, "medium": null, "campaign": null, "content": null, "term": null}}, {"model": "integrations.utm", "pk": 43, "fields": {"caller_id": "79163705549", "source": null, "medium": null, "campaign": null, "content": null, "term": null}}, {"model": "integrations.utm", "pk": 44, "fields": {"caller_id": "79159382280", "source": "yandex_nn", "medium": "poisk", "campaign": "fk_fasad_raboty_nn", "content": "add", "term": "\u0441\u0442\u043e\u0438\u043c\u043e\u0441\u0442\u044c \u043e\u0442\u0434\u0435\u043b\u043a\u0438 \u0444\u0430\u0441\u0430\u0434\u0430"}}, {"model": "integrations.utm", "pk": 45, "fields": {"caller_id": "79202525841", "source": "yandex_nn", "medium": "rsy", "campaign": "rsy_fk_fasad_raboty_nn", "content": "add", "term": "\u043d\u043e\u0432\u0430\u044f \u043e\u0431\u043b\u0438\u0446\u043e\u0432\u043a\u0430 \u0444\u0430\u0441\u0430\u0434\u043e\u0432"}}, {"model": "integrations.utm", "pk": 46, "fields": {"caller_id": "79057253973", "source": null, "medium": null, "campaign": null, "content": null, "term": null}}, {"model": "integrations.utm", "pk": 47, "fields": {"caller_id": "79775239002", "source": "yandex_msk", "medium": "poisk", "campaign": "fk_fasad_raboty_msk", "content": "add", "term": "\u043c\u043e\u043d\u0442\u0430\u0436 \u0432\u0435\u043d\u0442\u0444\u0430\u0441\u0430\u0434\u0430"}}, {"model": "integrations.utm", "pk": 48, "fields": {"caller_id": "79610465984", "source": null, "medium": null, "campaign": null, "content": null, "term": null}}, {"model": "integrations.utm", "pk": 49, "fields": {"caller_id": "79610465984", "source": null, "medium": null, "campaign": null, "content": null, "term": null}}, {"model": "integrations.utm", "pk": 50, "fields": {"caller_id": "79221814076", "source": null, "medium": null, "campaign": null, "content": null, "term": null}}, {"model": "integrations.utm", "pk": 51, "fields": {"caller_id": "79221814076", "source": null, "medium": null, "campaign": null, "content": null, "term": null}}, {"model": "integrations.utm", "pk": 52, "fields": {"caller_id": "78312626512", "source": null, "medium": null, "campaign": null, "content": null, "term": null}}, {"model": "integrations.utm", "pk": 53, "fields": {"caller_id": "78312626512", "source": null, "medium": null, "campaign": null, "content": null, "term": null}}, {"model": "integrations.utm", "pk": 54, "fields": {"caller_id": "78312626512", "source": null, "medium": null, "campaign": null, "content": null, "term": null}}, {"model": "integrations.utm", "pk": 55, "fields": {"caller_id": "79999040209", "source": "yandex_msk", "medium": "poisk", "campaign": "fk_fasad_raboty_msk", "content": "bs4", "term": "\u0432\u0435\u043d\u0442\u0438\u043b\u0438\u0440\u0443\u0435\u043c\u044b\u0439 \u0444\u0430\u0441\u0430\u0434 \u0446\u0435\u043d\u0430 \u0437\u0430 \u043c2"}}, {"model": "integrations.utm", "pk": 56, "fields": {"caller_id": "74951515410", "source": "yandex_msk", "medium": "poisk", "campaign": "fk_fasad_raboty_msk", "content": "add", "term": "\u0444\u0430\u0441\u0430\u0434\u043d\u044b\u0435 \u0440\u0430\u0431\u043e\u0442\u044b"}}, {"model": "integrations.utm", "pk": 57, "fields": {"caller_id": "79159489662", "source": null, "medium": null, "campaign": null, "content": null, "term": null}}, {"model": "integrations.utm", "pk": 58, "fields": {"caller_id": "74951097503", "source": "yandex_msk", "medium": "rsy", "campaign": "rsy_fk_fasad_raboty_msk", "content": "add", "term": "\u0432\u0435\u043d\u0442\u0438\u043b\u0438\u0440\u0443\u0435\u043c\u044b\u0439 \u0444\u0430\u0441\u0430\u0434 \u043c2"}}, {"model": "integrations.utm", "pk": 59, "fields": {"caller_id": "74951097503", "source": "yandex_msk", "medium": "rsy", "campaign": "rsy_fk_fasad_raboty_msk", "content": "add", "term": "\u0432\u0435\u043d\u0442\u0438\u043b\u0438\u0440\u0443\u0435\u043c\u044b\u0439 \u0444\u0430\u0441\u0430\u0434 \u043c2"}}, {"model": "integrations.utm", "pk": 60, "fields": {"caller_id": "79036730780", "source": "yandex_msk", "medium": "rsy", "campaign": "rsy_fk_fasad_raboty_msk", "content": "add", "term": "\u0432\u0435\u043d\u0442\u0438\u043b\u0438\u0440\u0443\u0435\u043c\u044b\u0439 \u0444\u0430\u0441\u0430\u0434 \u043c2"}}, {"model": "integrations.utm", "pk": 61, "fields": {"caller_id": "79036730780", "source": "yandex_msk", "medium": "rsy", "campaign": "rsy_fk_fasad_raboty_msk", "content": "add", "term": "\u0432\u0435\u043d\u0442\u0438\u043b\u0438\u0440\u0443\u0435\u043c\u044b\u0439 \u0444\u0430\u0441\u0430\u0434 \u043c2"}}, {"model": "integrations.utm", "pk": 62, "fields": {"caller_id": "74951398749", "source": "yandex_msk", "medium": "rsy", "campaign": "rsy_fk_fasad_raboty_msk", "content": "add", "term": "\u043c\u043e\u043d\u0442\u0430\u0436 \u0444\u0430\u0441\u0430\u0434\u043e\u0432"}}, {"model": "integrations.utm", "pk": 63, "fields": {"caller_id": "74997023087", "source": "yandex_msk", "medium": "poisk", "campaign": "fk_fasad_raboty_msk", "content": "add", "term": "\u043e\u0431\u043b\u0438\u0446\u043e\u0432\u043a\u0430 \u0444\u0430\u0441\u0430\u0434\u043e\u0432 \u0437\u0434\u0430\u043d\u0438\u0439 \u043f\u0430\u043d\u0435\u043b\u044f\u043c\u0438"}}, {"model": "integrations.utm", "pk": 64, "fields": {"caller_id": "74959891689", "source": "yandex_msk", "medium": "rsy", "campaign": "rsy_fk_fasad_raboty_msk", "content": "add", "term": "\u043e\u0442\u0434\u0435\u043b\u043a\u0430 \u0444\u0430\u0441\u0430\u0434\u0430 \u043f\u0430\u043d\u0435\u043b\u044f\u043c\u0438 \u0446\u0435\u043d\u0430"}}, {"model": "integrations.utm", "pk": 65, "fields": {"caller_id": "79182929876", "source": "yandex_msk", "medium": "poisk", "campaign": "fk_fasad_raboty_msk", "content": "add", "term": "\u043c\u043e\u043d\u0442\u0430\u0436 \u0432\u0435\u043d\u0442\u0438\u043b\u0438\u0440\u0443\u0435\u043c\u044b\u0445 \u0444\u0430\u0441\u0430\u0434\u043e\u0432"}}, {"model": "integrations.utm", "pk": 66, "fields": {"caller_id": "74992559293", "source": "yandex_msk", "medium": "poisk", "campaign": "fk_fasad_raboty_msk", "content": "add", "term": "\u043e\u0442\u0434\u0435\u043b\u043a\u0430 \u0444\u0430\u0441\u0430\u0434\u0430 \u043f\u043b\u0438\u0442\u043a\u043e\u0439"}}, {"model": "integrations.utm", "pk": 67, "fields": {"caller_id": "79152802211", "source": "yandex_msk", "medium": "poisk", "campaign": "fk_fasad_raboty_msk", "content": "add", "term": "\u0441\u043c\u0435\u0442\u0430 \u0444\u0430\u0441\u0430\u0434\u043e\u0432"}}, {"model": "integrations.utm", "pk": 68, "fields": {"caller_id": "79057253973", "source": "yandex_msk", "medium": "rsy", "campaign": "rsy_fk_fasad_raboty_msk", "content": "add", "term": "\u043e\u0431\u0448\u0438\u0432\u043a\u0430 \u0444\u0430\u0441\u0430\u0434\u0430"}}, {"model": "integrations.utm", "pk": 69, "fields": {"caller_id": "79057253973", "source": "yandex_nn", "medium": "poisk", "campaign": "fk_fasad_raboty_nn", "content": "add", "term": "\u043a\u0443\u043f\u0438\u0442\u044c \u0444\u0430\u0441\u0430\u0434\u044b \u043d\u0438\u0436\u043d\u0438\u0439 \u043d\u043e\u0432\u0433\u043e\u0440\u043e\u0434"}}, {"model": "integrations.utm", "pk": 70, "fields": {"caller_id": "79307088886", "source": "yandex_nn", "medium": "poisk", "campaign": "fk_fasad_raboty_nn", "content": "add", "term": "\u043e\u0442\u0434\u0435\u043b\u043a\u0430 \u0444\u0430\u0441\u0430\u0434\u0430"}}, {"model": "integrations.utm", "pk": 71, "fields": {"caller_id": "74959891689", "source": "yandex_nn", "medium": "poisk", "campaign": "fk_fasad_raboty_nn", "content": "add", "term": "\u043a\u0443\u043f\u0438\u0442\u044c \u0444\u0430\u0441\u0430\u0434\u044b \u043d\u0438\u0436\u043d\u0438\u0439 \u043d\u043e\u0432\u0433\u043e\u0440\u043e\u0434"}}, {"model": "integrations.utm", "pk": 72, "fields": {"caller_id": "74959891689", "source": "yandex_nn", "medium": "poisk", "campaign": "fk_fasad_raboty_nn", "content": "add", "term": "\u043a\u0443\u043f\u0438\u0442\u044c \u0444\u0430\u0441\u0430\u0434\u044b \u043d\u0438\u0436\u043d\u0438\u0439 \u043d\u043e\u0432\u0433\u043e\u0440\u043e\u0434"}}, {"model": "integrations.utm", "pk": 73, "fields": {"caller_id": "74959891689", "source": "yandex_nn", "medium": "poisk", "campaign": "fk_fasad_raboty_nn", "content": "add", "term": "\u043a\u0443\u043f\u0438\u0442\u044c \u0444\u0430\u0441\u0430\u0434\u044b \u043d\u0438\u0436\u043d\u0438\u0439 \u043d\u043e\u0432\u0433\u043e\u0440\u043e\u0434"}}, {"model": "integrations.utm", "pk": 74, "fields": {"caller_id": "78312822817", "source": "yandex_nn", "medium": "poisk", "campaign": "fk_fasad_raboty_nn", "content": "add", "term": "\u0444\u0430\u0441\u0430\u0434\u044b \u043d\u0438\u0436\u043d\u0438\u0439 \u043d\u043e\u0432\u0433\u043e\u0440\u043e\u0434"}}, {"model": "integrations.utm", "pk": 75, "fields": {"caller_id": "78312822817", "source": "yandex_nn", "medium": "poisk", "campaign": "fk_fasad_raboty_nn", "content": "add", "term": "\u0444\u0430\u0441\u0430\u0434\u044b \u043d\u0438\u0436\u043d\u0438\u0439 \u043d\u043e\u0432\u0433\u043e\u0440\u043e\u0434"}}, {"model": "integrations.utm", "pk": 76, "fields": {"caller_id": "74959891689", "source": "yandex_nn", "medium": "rsy", "campaign": "rsy_fk_fasad_raboty_nn", "content": "add", "term": "\u043c\u043e\u043d\u0442\u0430\u0436 \u0432\u0435\u043d\u0442\u0444\u0430\u0441\u0430\u0434\u0430"}}, {"model": "integrations.utm", "pk": 77, "fields": {"caller_id": "79306871177", "source": "yandex_msk", "medium": "poisk", "campaign": "fk_fasad_raboty_msk", "content": "add", "term": "\u043e\u0442\u0434\u0435\u043b\u043a\u0430 \u0444\u0430\u0441\u0430\u0434\u0430"}}, {"model": "integrations.utm", "pk": 78, "fields": {"caller_id": "79108830785", "source": "yandex_nn", "medium": "poisk", "campaign": "fk_fasad_raboty_nn", "content": null, "term": "\u0440\u0430\u0431\u043e\u0442\u0430 \u043d\u0438\u0436\u043d\u0438\u043c \u0444\u0430\u0441\u0430\u0434\u043d\u044b\u0439 \u0440\u0430\u0431\u043e\u0442\u0430"}}, {"model": "integrations.utm", "pk": 79, "fields": {"caller_id": "79857611779", "source": "yandex_nn", "medium": "rsy", "campaign": "rsy_fk_fasad_raboty_nn", "content": null, "term": "\u043c\u043e\u043d\u0442\u0430\u0436 \u043d\u0430\u0432\u0435\u0441\u043d\u044b\u0445 \u0444\u0430\u0441\u0430\u0434\u043e\u0432"}}, {"model": "integrations.utm", "pk": 80, "fields": {"caller_id": "79103957822", "source": null, "medium": null, "campaign": null, "content": null, "term": null}}, {"model": "integrations.utm", "pk": 81, "fields": {"caller_id": "79101277721", "source": null, "medium": null, "campaign": null, "content": null, "term": null}}, {"model": "integrations.utm", "pk": 82, "fields": {"caller_id": "79026825597", "source": null, "medium": null, "campaign": null, "content": null, "term": null}}, {"model": "integrations.utm", "pk": 83, "fields": {"caller_id": "79026825597", "source": null, "medium": null, "campaign": null, "content": null, "term": null}}, {"model": "integrations.utm", "pk": 84, "fields": {"caller_id": "78422445627", "source": null, "medium": null, "campaign": null, "content": null, "term": null}}, {"model": "integrations.utm", "pk": 85, "fields": {"caller_id": "78312162000", "source": null, "medium": null, "campaign": null, "content": null, "term": null}}, {"model": "integrations.utm", "pk": 86, "fields": {"caller_id": "79104418084", "source": null, "medium": null, "campaign": null, "content": null, "term": null}}, {"model": "integrations.utm", "pk": 87, "fields": {"caller_id": "79202507617", "source": null, "medium": null, "campaign": null, "content": null, "term": null}}]